{
  "tamil_emotion2vec_frozen": {
    "train_loss": 1.5614863634109497,
    "train_accuracy": 0.3190839694656489,
    "val_loss": 1.584787368774414,
    "val_accuracy": 0.24285714285714285
  },
  "tamil_emotion2vec_finetuned_classifier_head": {
    "train_loss": 1.6657110452651978,
    "train_accuracy": 0.1969465648854962,
    "val_loss": 1.6572984457015991,
    "val_accuracy": 0.2
  },
  "tamil_augmented_mlp": {
    "train_loss": 1.0320639610290527,
    "train_accuracy": 0.6112385321100917,
    "val_loss": 1.366140365600586,
    "val_accuracy": 0.3900709219858156
  }
}